month_ahead,predicted_unemployment_rate
1,3.959666666666663
2,3.956999999999996
3,3.948999999999995
4,3.957333333333329
5,3.9539999999999957
6,3.9533333333333287
7,3.951999999999996
8,3.9536666666666624
9,3.9536666666666624
10,3.9536666666666624
11,3.9536666666666624
12,3.9536666666666624
